aalib,gpm;slang;xorg;
abiword,boost;curl;dbus-glib;enchant;evolution-data-server;fribidi;gobject-introspection;goffice;libchamplain;libgcrypt;libical;libsoup;redland;telepathy-glib;valgrind;wv;
accountsservice,gobject-introspection;gtk-doc;libgcrypt;polkit;systemd;xmlto;
acl,
acpid,
adns,
adwaita-icon-theme,git;gtk+2;gtk+3;inkscape;librsvg;
alsa,
alsa-firmware,alsa-tools;
alsa-lib,alsa;doxygen;python2;
alsa-oss,alsa-lib;
alsa-plugins,alsa-lib;ffmpeg;libsamplerate;pulseaudio;speex;
alsa-tools,alsa-lib;fltk;gtk+2;gtk+3;
alsa-utils,alsa-lib;fftw;libsamplerate;xmlto;docutils;
amtk,gtk+3;gtk-doc;valgrind;
anytree,
apache,apr-util;berkeley-db;brotli;doxygen;libxml2;links;lua;lynx;nghttp2;openldap;pcre;rsync;
apache-ant,glib;java;openjdk;
apr,
apr-util,apr;berkeley-db;mariadb;openldap;postgresql;sqlite;unixodbc;
argon2,
ark,kde-frameworks;libarchive;cpio;p7zip;unrar;unzip;zip;
asciidoc,docbook-xsl;fop;libxslt;lynx;
aspell,which;
asymptote,curl;fftw;freeglut;gc;ghostscript;glew;glm;gsl;libsigsegv;libtirpc;texlive;
at,linux-pam;sendmail;
at-spi2-atk,at-spi2-core;atk;
at-spi2-core,dbus;glib;gobject-introspection;gtk-doc;xorg-libraries;
atk,glib;gobject-introspection;gtk-doc;
atkmm,atk;glibmm;
attica,
attr,
audacious,gtk+2;qt;libxml2;xorg;alsa;dbus;libarchive;valgrind;mpg123;neon;curl;faad2;ffmpeg;flac;lame;libcdio;libnotify;libsamplerate;libsndfile;libvorbis;pulseaudio;sdl;
audiofile,alsa-lib;asciidoc;flac;valgrind;
autoconf,
autoconf213,
autofs,cyrus-sasl;libtirpc;libxml2;mit-kerberos-v5;nfs-utils;openldap;rpcsvc-proto;libnsl;
autogen,
automake,
avahi,doxygen;glib;gobject-introspection;gtk+2;gtk+3;libdaemon;libevent;libglade;python-dbus;python2-pygtk;qt;
babl,gobject-introspection;librsvg;little-cms;
baloo,
balsa,aspell;compface;enchant;gcr;gmime;gpgme;gtk+3;gtksourceview3;libcanberra;libnotify;libsecret;mit-kerberos-v5;openldap;pcre;procmail;rarian;sqlite;webkitgtk+;
baobab,adwaita-icon-theme;gtk+3;itstool;vala;
bash,
bash-completion,
bc,
bdftopcf,
beautifultable,python;
berkeley-db,sharutils;
biber,perl-autovivification;perl-business-isbn;perl-business-ismn;perl-business-issn;perl-class-accessor;perl-data-compare;perl-data-dump;perl-data-uniqid;perl-datetime-calendar-julian;perl-datetime-format-builder;perl-encode-eucjpascii;perl-encode-hanextra;perl-encode-jis2k;perl-file-slurper;perl-file-which;perl-io-string;perl-ipc-run3;perl-lingua-translit;perl-list-allutils;perl-list-moreutils;perl-log-log4perl;perl-lwp-protocol-https;perl-module-build;perl-parse-recdescent;perl-perlio-utf8-strict;perl-regexp-common;perl-sort-key;perl-test-differences;perl-text-bibtex;perl-text-csv;perl-text-roman;perl-unicode-collate;perl-unicode-linebreak;perl-xml-libxml-simple;perl-xml-libxslt;perl-xml-writer;texlive;
bind,berkeley-db;curl;doxygen;json-c;libcap;libidn2;libuv;libxml2;libxslt;linux-pam;lmdb;mariadb;mit-kerberos-v5;openldap;perl-net-dns;postgresql;texlive;unixodbc;
bind-utilities,json-c;libcap;libuv;libxml2;
bindfs,
binutils,
bison,
bluedevil,
bluefish,desktop-file-utils;enchant;gtk+2;gtk+3;gucharmap;pcre;
bluez,dbus;glib;libical;
bluez-qt,
bogofilter,berkeley-db;gsl;libxml2;lmdb;sqlite;xmlto;
bonjour,
boost,icu;which;
botan,
brasero,gobject-introspection;gst-plugins-base;gtk-doc;itstool;libburn;libcanberra;libisoburn;libisofs;libnotify;nautilus;totem-pl-parser;tracker2;
breeze,
breeze-grub,
breeze-gtk,
breeze-icons,extra-cmake-modules;kde-frameworks;qt;libxml2;python-lxml;
breeze-plymouth,
bridge-utils,net-tools-cvs;
brotli,cmake;python2;
bspwm,libxcb;sxhkd;xcb-util;xcb-util-keysyms;xcb-util-wm;xorg;
btrfs-progs,asciidoc;lvm2;lzo;python2;reiserfsprogs;xmlto;
bubblewrap,
bzip2,
c-ares,cmake;
cairo,cogl;fontconfig;ghostscript;glib;gtk+2;gtk+3;gtk-doc;libdrm;libpng;librsvg;libxml2;lzo;mesa;pixman;poppler;qt;valgrind;xorg-libraries;
libcairomm,boost;cairo;doxygen;libsigc++;
cantarell-fonts,
cbindgen,rustc;
cdparanoia-iii,
cdrdao,gtkmm;lame;libao;libmad;libvorbis;
cdrtools,alsa-lib;
check,
cheese,clutter-gst;clutter-gtk;gnome-desktop;gobject-introspection;gst-plugins-bad;gst-plugins-good;gtk-doc;libcanberra;libgudev;libxslt;v4l-utils;vala;
chrony,
cifs-utils,keyutils;libcap;linux-pam;mit-kerberos-v5;samba;talloc;
clang,llvm;
clisp,libsigsegv;
clucene,boost;cmake;
clutter,atk;cogl;gobject-introspection;gtk+3;gtk-doc;json-glib;libgudev;libinput;libxkbcommon;wayland;
clutter-gst,clutter;gobject-introspection;gst-plugins-bad;gst-plugins-base;gtk-doc;libgudev;
clutter-gtk,clutter;gobject-introspection;gtk+3;gtk-doc;
cmake,curl;git;libarchive;libuv;nghttp2;qt;subversion;gcc;git;mercurial;qt;
cmocka,
cogl,cairo;gdk-pixbuf;glu;gobject-introspection;gst-plugins-base;gtk-doc;mesa;pango;sdl;sdl2;wayland;
colord,colord-gtk;dbus;glib;gnome-desktop;gobject-introspection;libgudev;libgusb;libxslt;little-cms;polkit;sane;sqlite;systemd;vala;
colord-gtk,colord;docbook-utils;gobject-introspection;gtk+2;gtk+3;gtk-doc;vala;
compface,
compiler-rt,llvm;
consolekit2,automake;gettext;glib;gobject-introspection;gtk-doc;libdrm;libgudev;libnotify;libxslt;linux-pam;pm-utils;polkit;xmlto;xorg;zlib;
coreutils,
cpio,texlive;
cracklib,python2;
cryptsetup,json-c;libpwquality;lvm2;popt;python2;
cssselect,
cuda,
cunit,
cups,avahi;colord;dbus;gnutls;libpaper;libusb;linux-pam;mit-kerberos-v5;openjdk;php;python2;xdg-utils;
cups-filters,avahi;cups;ghostscript;glib;libjpeg-turbo;libpng;libtiff;little-cms;mupdf;openldap;php;poppler;qpdf;dejavu-fonts;
cups-pk-helper,cups;polkit;
curl,brotli;c-ares;gnutls;libidn2;libpsl;libssh2;mit-kerberos-v5;nghttp2;openldap;samba;stunnel;valgrind;
cyrus-sasl,berkeley-db;linux-pam;mariadb;mit-kerberos-v5;openjdk;openldap;postgresql;sqlite;
dash,
datefudge,
dblatex,
dbus,dbus-glib;doxygen;python-pygobject;python-dbus;systemd;valgrind;xmlto;xorg-libraries;
dbus-glib,dbus;glib;gtk-doc;
dconf,dbus;glib;gtk-doc;libxslt;vala;
dconf-editor,dconf;gtk+3;gtk-doc;libxml2;
dejagnu,
desktop-file-utils,emacs;glib;
dhcp,
dhcpcd,clang;llvm;ntp;
diffutils,
discover,
dmalloc,
docbook-dsssl,docbook-dtd31;docbook-dtd45;openjade;opensp;sgml-common;
docbook-dtd31,sgml-common;unzip;
docbook-dtd45,sgml-common;unzip;
docbook-utils,docbook-dsssl;docbook-dtd31;openjade;
docbook-xml45,libxml2;sgml-common;unzip;
docbook-xml50,libxml2;sgml-common;unzip;
docbook-xml51,libxml2;sgml-common;unzip;
docbook-xsl,
dolphin,kde-frameworks;
dolphin-plugins,kde-frameworks;
dosfstools,
dotnet,glibc;
double-conversion,cmake;
dovecot,clucene;icu;libcap;libtirpc;linux-pam;lua;mariadb;openldap;postgresql;sqlite;valgrind;xfsprogs;
doxygen,clang;cmake;ghostscript;git;graphviz;libxml2;llvm;python2;qt;texlive;xapian;
drkonqi,
dvd+rw-tools,
dvisvgm,asciidoc;brotli;ghostscript;libxslt;potrace;woff2;xmlto;
e2fsprogs,
ed,libarchive;
emacs,alsa-lib;dbus;gconf;giflib;gnutls;gobject-introspection;gpm;gsettings-desktop-schemas;gtk+2;gtk+3;imagemagick;jansson;libjpeg-turbo;libpng;librsvg;libtiff;libxml2;mit-kerberos-v5;valgrind;xorg;
enchant,aspell;dbus-glib;doxygen;glib;
encodings,
enscript,texlive;
eog,adwaita-icon-theme;exempi;gnome-desktop;gobject-introspection;gtk-doc;itstool;libexif;libjpeg-turbo;libpeas;librsvg;little-cms;shared-mime-info;libportal;
epdfview,cups;desktop-file-utils;gtk+2;hicolor-icon-theme;poppler;
epiphany,gcr;gnome-desktop;iso-codes;json-glib;libdazzle;libhandy;libnotify;nettle;webkitgtk+;
ethtool,
evince,adwaita-icon-theme;cups;gnome-desktop;gnome-keyring;gobject-introspection;gsettings-desktop-schemas;gspell;gst-plugins-base;gtk+3;gtk-doc;itstool;libarchive;libgxps;libsecret;libtiff;libxml2;nautilus;openjpeg;poppler;texlive;
evolution,adwaita-icon-theme;bogofilter;clutter-gtk;enchant;evolution-data-server;geoclue;geocode-glib;gnome-autoar;gnome-desktop;gspell;gtk-doc;highlight;itstool;libcanberra;libchamplain;libgdata;libgweather;libnotify;openldap;seahorse;shared-mime-info;webkitgtk+;
evolution-data-server,berkeley-db;gcr;gnome-online-accounts;gobject-introspection;gtk+3;gtk-doc;icu;libcanberra;libgdata;libgweather;libical;libsecret;mit-kerberos-v5;nss;openldap;sendmail;sqlite;vala;
exempi,boost;valgrind;
exfat,
exim,cyrus-sasl;gnutls;libidn;libnsl;linux-pam;mariadb;openldap;pcre;postgresql;sqlite;xorg;
exiv2,cmake;curl;doxygen;graphviz;libxslt;
exo,gtk+3;gtk-doc;libxfce4ui;libxfce4util;
expat,
expect,
extra-cmake-modules,cmake;
faac,
faad2,
falkon,extra-cmake-modules;gnome-keyring;kde-frameworks;qtwebengine;
fcron,docbook-utils;linux-pam;sendmail;vim;
fdk-aac,
feh,curl;giflib;imlib2;libexif;libpng;
fetchmail,mit-kerberos-v5;procmail;python;tk;
ffmpeg,libass;fdk-aac;freetype;lame;libtheora;libvorbis;libvpx;opus;x264;x265;nasm;yasm;alsa-lib;libva;libvdpau;sdl2;doxygen;fontconfig;fribidi;frei0r-plugins;libcdio;libdrm;libwebp;opencv;openjpeg;gnutls;pulseaudio;samba;speex;texlive;v4l-utils;xvid;xorg;
fftw,
fig2dev,
file,
file-roller,cpio;desktop-file-utils;gtk+3;itstool;json-glib;libarchive;libnotify;nautilus;
findutils,
firefox,autoconf213;cbindgen;clang;curl;dbus-glib;doxygen;ffmpeg;gtk+2;gtk+3;icu;libevent;libnotify;liboauth;libwebp;nasm;nodejs;nss;openjdk;pulseaudio;python;sqlite;startup-notification;unzip;valgrind;wget;wireless-tools;yasm;zip;
firefox-bin,
firefox-esr,autoconf213;cbindgen;clang;curl;dbus-glib;doxygen;ffmpeg;gtk+2;gtk+3;icu;libevent;libnotify;liboauth;libwebp;nasm;nodejs;nss;openjdk;pulseaudio;python;sqlite;startup-notification;unzip;valgrind;wget;wireless-tools;yasm;zip;
flac,docbook-utils;doxygen;libogg;nasm;valgrind;
flex,
fltk,alsa-lib;desktop-file-utils;doxygen;glu;hicolor-icon-theme;libjpeg-turbo;libpng;mesa;texlive;xorg-libraries;
fluxbox,fribidi;imlib2;xorg;
folks,bluez;evolution-data-server;gobject-introspection;libgee;python-dbusmock;telepathy-glib;vala;
font-adobe-100dpi,
font-adobe-75dpi,
font-adobe-utopia-type1,
font-alias,
font-bh-ttf,
font-bh-type1,
font-daewoo-misc,
font-ibm-type1,
font-isas-misc,
font-jis-misc,
font-misc-ethiopic,
font-misc-misc,
font-util,
font-xfree86-type1,
fontconfig,docbook-utils;freetype;json-c;libxml2;texlive;
fontforge,giflib;git;gtk+3;libjpeg-turbo;libspiro;libtiff;libuninameslist;libxml2;woff2;
fonttools,python;
fop,apache-ant;xorg;
frameworkintegration,
freeglut,cmake;glu;mesa;
freetds,
freetype,brotli;harfbuzz;libpng;which;
frei0r-plugins,doxygen;gavl;opencv;
fribidi,
fuse,doxygen;
garcon,gtk+3;gtk-doc;libxfce4ui;gobject-introspection;
gavl,doxygen;libpng;
gawk,
gc,libatomic-ops;
gcc,gdb;valgrind;
gconf,dbus-glib;gobject-introspection;gtk+3;libxml2;openldap;polkit;
gcr,glib;gnupg;gobject-introspection;gtk+3;gtk-doc;libgcrypt;libxslt;p11-kit;vala;valgrind;
gdb,doxygen;gcc;guile;python2;rustc;valgrind;
gdbm,
gdk-pixbuf,glib;libjpeg-turbo;libpng;shared-mime-info;libtiff;gobject-introspection;gtk-doc;
gdk-pixbuf-xlib,gdk-pixbuf;xorg-libraries;gtk-doc;
gdl,gtk+3;
gdm,accountsservice;gtk+3;iso-codes;itstool;keyutils;libcanberra;libdaemon;linux-pam;
gedit,git;gsettings-desktop-schemas;gspell;gtk-doc;gtksourceview4;iso-codes;itstool;libpeas;python-pygobject;tepl;vala;
gegl,asciidoc;babl;cairo;exiv2;ffmpeg;gdk-pixbuf;gexiv2;gobject-introspection;graphviz;gtk-doc;jasper;json-glib;libjpeg-turbo;libpng;librsvg;libtiff;libwebp;little-cms;pango;python-pygobject;python-pygments;ruby;sdl2;v4l-utils;vala;
gegl03,
geoclue,avahi;gtk-doc;json-glib;libnotify;libsoup;modemmanager;vala;
geocode-glib,gobject-introspection;gtk-doc;json-glib;libsoup;
gettext,
gexiv2,exiv2;gtk-doc;python2;vala;
gfbgraph,gnome-online-accounts;gobject-introspection;gtk-doc;rest;
ghostscript,cairo;cups;fontconfig;freetype;gtk+3;libidn;libjpeg-turbo;libpaper;libpng;libtiff;openjpeg;xorg;
giflib,xmlto;
gimp,aalib;alsa-lib;dbus-glib;gexiv2;ghostscript;glib-networking;gtk+2;gtk-doc;gvfs;harfbuzz;iso-codes;libgudev;libjpeg-turbo;libmng;libmypaint;librsvg;libtiff;libwebp;little-cms;mypaint-brushes;openjpeg;poppler;python2-pygtk;sendmail;xdg-utils;xorg;
git,asciidoc;curl;pcre;pcre2;subversion;tk;valgrind;xmlto;
gjs,cairo;dbus;gobject-introspection;gtk+3;js78;valgrind;sysprof;
glew,mesa;
glib,dbus;docbook-xml45;docbook-xsl;gdb;gtk-doc;glib-networking;libxslt;pcre;
glib-networking,glib;gnutls;gsettings-desktop-schemas;make-ca;
glibc,
glibmm,doxygen;glib;glib-networking;gnutls;libsigc++;libxslt;
glm,
glu,mesa;
gmime,docbook-utils;glib;gobject-introspection;gpgme;gtk-doc;libgpg-error;libidn2;vala;
gmp,
gnome-autoar,gtk+3;gtk-doc;libarchive;vala;
gnome-backgrounds,
gnome-bluetooth,gobject-introspection;gtk+3;gtk-doc;itstool;libcanberra;libnotify;
gnome-calculator,gtk+3;gtksourceview4;itstool;libgee;libsoup;vala;
gnome-color-manager,colord;desktop-file-utils;docbook-utils;gtk+3;itstool;libcanberra;libexif;little-cms;
gnome-control-center,accountsservice;cheese;clutter-gtk;colord-gtk;cups;gnome-bluetooth;gnome-online-accounts;gnome-settings-daemon;grilo;gsound;ibus;libgtop;libhandy;libnma;libpwquality;mit-kerberos-v5;modemmanager;python-dbusmock;samba;shared-mime-info;udisks;
gnome-desktop,bubblewrap;gobject-introspection;gsettings-desktop-schemas;gtk+3;gtk-doc;iso-codes;itstool;libseccomp;libxml2;xkeyboard-config;
gnome-disk-utility,gnome-settings-daemon;itstool;libdvdread;libpwquality;libsecret;udisks;
gnome-icon-theme,gtk+2;gtk+3;hicolor-icon-theme;icon-naming-utils;
gnome-icon-theme-extras,git;gnome-icon-theme;inkscape;
gnome-icon-theme-symbolic,git;gnome-icon-theme;inkscape;
gnome-keyring,dbus;gcr;gnupg;libxslt;linux-pam;openssh;valgrind;
gnome-logs,desktop-file-utils;docbook-xml45;docbook-xsl;gsettings-desktop-schemas;gtk+3;itstool;libxslt;
gnome-maps,clutter-gtk;folks;geoclue;geocode-glib;gfbgraph;gjs;libchamplain;libgee;rest;
gnome-menus,glib;gobject-introspection;
gnome-nettool,gtk+3;itstool;libgtop;
gnome-online-accounts,gcr;gobject-introspection;gtk-doc;json-glib;mit-kerberos-v5;rest;vala;valgrind;webkitgtk+;
gnome-power-manager,docbook-utils;gtk+3;upower;
gnome-screenshot,gtk+3;libcanberra;libhandy;
gnome-session,dbus-glib;docbook-xml45;docbook-xsl;gconf;gnome-desktop;json-glib;libxslt;mesa;systemd;upower;xmlto;
gnome-settings-daemon,alsa;colord;cups;fontconfig;gcr;geoclue;geocode-glib;gnome-desktop;libcanberra;libgweather;libnotify;librsvg;libwacom;little-cms;mutter;networkmanager;nss;pulseaudio;python-dbusmock;systemd;umockdev;upower;wayland;xorg-wacom-driver;
gnome-shell,asciidoc;desktop-file-utils;evolution-data-server;gjs;gnome-autoar;gnome-bluetooth;gnome-control-center;gst-plugins-base;gtk-doc;mutter;networkmanager;sassc;startup-notification;systemd;
gnome-shell-extensions,libgtop;sassc;
gnome-system-monitor,adwaita-icon-theme;desktop-file-utils;gtkmm3;itstool;libgtop;librsvg;
gnome-terminal,dconf;desktop-file-utils;gnome-shell;gsettings-desktop-schemas;itstool;nautilus;pcre2;vte;
gnome-themes-extra,gtk+2;gtk+3;librsvg;
gnome-tweaks,gsettings-desktop-schemas;gtk+3;libhandy;python-pygobject;sound-theme-freedesktop;
gnome-user-docs,itstool;libxml2;
gnome-video-effects,
gnome-weather,gjs;libgweather;
gnu-efi,
gnumeric,dconf;gobject-introspection;goffice;itstool;python-pygobject;valgrind;
gnupg,curl;fuse;gnutls;imagemagick;libassuan;libgcrypt;libksba;libusb;npth;openldap;pinentry;sendmail;sqlite;texlive;
gnutls,doxygen;gtk-doc;guile;libidn;libidn2;libseccomp;libtasn1;libunistring;make-ca;net-tools-cvs;nettle;p11-kit;texlive;unbound;valgrind;
gobject-introspection,cairo;gjs;glib;gtk-doc;python-mako;
goffice,ghostscript;gobject-introspection;gsettings-desktop-schemas;gtk+3;gtk-doc;libgsf;librsvg;libxslt;which;
gparted,btrfs-progs;gtkmm3;parted;
gperf,
gperftools,
gpgme,clisp;doxygen;gnupg;graphviz;libassuan;python2;qt;swig;
gpgmepp,gpgme;
gpicview,gtk+2;
gpm,
gptfdisk,icu;popt;
grantlee,cmake;qt;
graphene,glib;gobject-introspection;
graphite2,asciidoc;cmake;doxygen;freetype;harfbuzz;texlive;
graphviz,cairo;fontconfig;freeglut;gcc;ghostscript;gtk+2;guile;libglade;libjpeg-turbo;libpng;librsvg;libwebp;lua;openjdk;pango;php;poppler;python2;qt;ruby;swig;tk;xorg-libraries;
grep,
grilo,avahi;docbook-utils;glib;gobject-introspection;gtk+3;gtk-doc;liboauth;libsoup;libxml2;totem-pl-parser;vala;
groff,
grub,
gsettings-desktop-schemas,glib;gobject-introspection;
gsl,
gsound,gobject-introspection;gtk-doc;vala;
gspell,enchant;gobject-introspection;gtk+3;gtk-doc;iso-codes;vala;valgrind;
gst-libav,ffmpeg;gst-plugins-base;yasm;
gst-plugins-bad,gst-plugins-base;libdvdread;libdvdnav;soundtouch;bluez;curl;faac;faad2;fdk-aac;gtk+3;little-cms;libass;libexif;libgudev;libmpeg2;librsvg;libsndfile;libssh;libusb;libwebp;libxkbcommon;neon;nettle;libgcrypt;opencv;openjpeg;opus;sbc;sdl;valgrind;wayland;x265;xorg-libraries;
gst-plugins-base,alsa-lib;cdparanoia-iii;gobject-introspection;graphene;gstreamer;gtk+3;iso-codes;libogg;libtheora;libvorbis;opus;qt;sdl;sdl2;valgrind;xorg-libraries;mesa;wayland-protocols;
gst-plugins-good,aalib;alsa-oss;cairo;flac;gdk-pixbuf;gst-plugins-base;gtk+3;lame;libdv;libgudev;libjpeg-turbo;libpng;libsoup;libvpx;mesa;mpg123;nasm;pulseaudio;qt;speex;taglib;v4l-utils;valgrind;wayland;xorg-libraries;
gst-plugins-ugly,gst-plugins-base;liba52;libdvdread;x264;libmpeg2;libcdio;valgrind;
gstreamer,glib;gobject-introspection;gsl;gtk+3;gtk-doc;valgrind;
gstreamer-vaapi,gst-plugins-bad;gst-plugins-base;gstreamer;libva;gtk+3;
gtk#,
gtk+2,atk;cups;docbook-utils;gdk-pixbuf;gobject-introspection;gtk-doc;hicolor-icon-theme;pango;
gtk+3,adwaita-icon-theme;at-spi2-atk;colord;cups;docbook-utils;gdk-pixbuf;gobject-introspection;gtk-doc;hicolor-icon-theme;iso-codes;json-glib;libepoxy;libxkbcommon;pango;python-pyatspi2;rest;sassc;wayland;wayland-protocols;
gtk+4,
gtk-doc,docbook-xml45;docbook-xsl;fop;glib;itstool;libxslt;parameterized;python-lxml;python-pygments;which;
gtk-engines,gtk+2;lua;which;
gtk-vnc,cyrus-sasl;gnutls;gobject-introspection;gtk+3;libgcrypt;pulseaudio;python2;vala;
gtkmm2,atkmm;gtk+2;pangomm;
gtkmm3,atkmm;gtk+3;pangomm;doxygen;
gtksourceview2,
gtksourceview3,fop;gobject-introspection;gtk+3;gtk-doc;itstool;vala;valgrind;
gtksourceview4,fop;gobject-introspection;gtk+3;gtk-doc;itstool;libxml2;vala;valgrind;
gucharmap,desktop-file-utils;gobject-introspection;gtk+3;gtk-doc;itstool;unzip;vala;wget;
guile,gc;libunistring;
gutenprint,cups;docbook-utils;doxygen;gimp;imagemagick;texlive;
gvfs,apache;avahi;bluez;dbus;dbus-glib;fuse;gcr;glib;gnome-online-accounts;gtk+3;gtk-doc;libarchive;libcdio;libgcrypt;libgdata;libgudev;libsecret;libsoup;libusb;libxml2;libxslt;openssh;samba;systemd;udisks;
gwenview,exiv2;kde-frameworks;libkdcraw;little-cms;
gzip,
harfbuzz,cairo;freetype;glib;gobject-introspection;graphite2;gtk-doc;icu;
haveged,
hd2u,popt;
hdparm,
help2man,
hexchat,dbus-glib;glib;gtk+2;iso-codes;libcanberra;libnotify;lua;pciutils;
hicolor-icon-theme,
highlight,boost;lua;qt;
iana-etc,
ibus,dconf;gobject-introspection;gtk+2;gtk-doc;iso-codes;libnotify;libxkbcommon;python-pygobject;python-dbus;python-pyxdg;vala;wayland;
iceauth,
icewm,cmake;xorg;gdk-pixbuf-xlib;fribidi;imlib2;librsvg;libao;libsndfile;alsa-lib;
icon-naming-utils,perl-xml-simple;
icontool,
icu,clang;doxygen;llvm;
id3lib,
idns,doxygen;libpcap;make-ca;python2;swig;
imagemagick,clang;cups;curl;enscript;ffmpeg;fftw;ghostscript;gimp;gnupg;graphviz;inkscape;jasper;libgxps;libjpeg-turbo;libpng;libraw;librsvg;libtiff;libwebp;little-cms1;llvm;openjpeg;pango;p7zip;sane;texlive;wget;xdg-utils;xterm;
imlib2,giflib;libjpeg-turbo;libpng;libtiff;xorg-libraries;
inetutils,
inih,
inkscape,aspell;boost;dbus;double-conversion;doxygen;gc;gdl;gsl;gtkmm3;imagemagick;libcanberra;libsoup;libxslt;little-cms;little-cms1;poppler;popt;potrace;wget;python-lxml;scour;
intel-vaapi-driver,libva;xorg-intel-driver;
intlfonts,
intltool,
iproute2,
iptables,libpcap;
isl,
iso-codes,
itstool,docbook-xml45;
iw,libnl;
jansson,
jasper,cmake;doxygen;freeglut;libjpeg-turbo;texlive;
java,
jfsutils,
joe,
js68,autoconf213;clang;doxygen;icu;llvm;nasm;python2;which;
js78,autoconf213;icu;rustc;which;
json-c,cmake;
json-glib,glib;gobject-introspection;gtk-doc;
k3b,ffmpeg;flac;kde-frameworks;lame;libburn;libdvdread;libkcddb;libmad;libmusicbrainz;libsamplerate;libsndfile;libvorbis;shared-mime-info;taglib;
kactivities,
kactivities-stats,
kactivitymanagerd,
kapidox,
karchive,
kate,kde-frameworks;
kauth,
kbd,
kbookmarks,
kcalendarcore,
kcmutils,
kcodecs,
kcompletion,
kconfig,
kconfigwidgets,
kcontacts,
kcoreaddons,
kcrash,
kdav,
kdbusaddons,
kde-cli-tools,
kde-frameworks,boost;extra-cmake-modules;docbook-xml45;docbook-xsl;giflib;libepoxy;libgcrypt;libical;libjpeg-turbo;libpng;libxslt;lmdb;qrencode;phonon;plasma-wayland-protocols;shared-mime-info;uri;wget;aspell;avahi;libdbusmenu-qt;networkmanager;polkit-qt;bluez;modemmanager;oxygen-fonts;noto-fonts;doxygen;jinja2;python-pyyaml;jasper;mit-kerberos-v5;udisks;upower;gpgme;attica;kapidox;karchive;kcodecs;kconfig;kcoreaddons;kdbusaddons;kdnssd;kguiaddons;ki18n;kidletime;kimageformats;kitemmodels;kitemviews;kplotting;kwidgetsaddons;kwindowsystem;networkmanager-qt;solid;sonnet;threadweaver;kauth;kcompletion;kcrash;kdoctools;kpty;kunitconversion;kconfigwidgets;kservice;kglobalaccel;kpackage;kdesu;kemoticons;kiconthemes;kjobwidgets;knotifications;ktextwidgets;kxmlgui;kbookmarks;kwallet;kded;kio;kdeclarative;kcmutils;kirigami2;knewstuff;frameworkintegration;kinit;knotifyconfig;kparts;kactivities;kdewebkit;syntax-highlighting;ktexteditor;kdesignerplugin;kwayland;plasma-framework;modemmanager-qt;kpeople;kxmlrpcclient;bluez-qt;kfilemetadata;baloo;breeze-icons;oxygen-icons5;kactivities-stats;krunner;prison;qqc2-desktop-style;kjs;kdelibs4support;khtml;kjsembed;kmediaplayer;kross;kholidays;purpose;kcalendarcore;kcontacts;kquickcharts;kdav;
kde-gtk-config,
kdeclarative,
kdecoration,
kded,
kdelibs4support,
kdenlive,breeze-icons;kde-frameworks;mlt;
kdeplasma-addons,
kdesignerplugin,
kdesu,
kdewebkit,
kdnssd,
kdoctools,
kemoticons,
kexec-tools,
keybinder,gobject-introspection;gtk+2;gtk-doc;lua;python2-pygtk;
keybinder3,gobject-introspection;gtk+3;gtk-doc;
keyutils,mit-kerberos-v5;
kfilemetadata,
kgamma5,
kglobalaccel,
kguiaddons,
khelpcenter,grantlee;kde-frameworks;libxml2;xapian;
kholidays,
khotkeys,
khtml,
ki18n,
kiconthemes,
kidletime,
kimageformats,
kinfocenter,
kinit,
kio,
kirigami2,
kitemmodels,
kitemviews,
kjobwidgets,
kjs,
kjsembed,
kmediaplayer,
kmenuedit,
kmix,alsa-lib;kde-frameworks;libcanberra;pulseaudio;
kmod,
knewstuff,
knotifications,
knotifyconfig,
konsole,kde-frameworks;
kpackage,
kparts,
kpeople,
kplotting,
kpty,
kquickcharts,
krb4,
kross,
krunner,
kscreen,
kscreenlocker,
kservice,
ksshaskpass,
ksysguard,
ktexteditor,
ktextwidgets,
ktorrent,kde-frameworks;
kunitconversion,
kwallet,
kwallet-pam,
kwave,alsa-lib;audiofile;doxygen;fftw;flac;id3lib;kde-frameworks;libogg;pulseaudio;
kwayland,
kwayland-integration,
kwayland-server,
kwidgetsaddons,
kwin,
kwindowsystem,
kwrited,
kxmlgui,
kxmlrpcclient,
lame,libsndfile;nasm;
less,
liba52,
libaio,
libao,alsa;pulseaudio;xorg;
libappindicator,gtk+2;gtk+3;
libarchive,libxml2;lzo;nettle;
libass,fontconfig;freetype;fribidi;harfbuzz;nasm;
libassuan,libgpg-error;texlive;
libatasmart,
libatomic-ops,
libaudit,
libblockdev,btrfs-progs;gobject-introspection;gtk-doc;libbytesize;libyaml;mdadm;parted;volume-key;
libburn,doxygen;
libbytesize,gtk-doc;pcre2;python-six;
libcanberra,alsa-lib;gstreamer;gtk+2;gtk+3;libvorbis;pulseaudio;
libcap,linux-pam;
libcddb,
libcdio,libcddb;
libchamplain,clutter;clutter-gtk;gobject-introspection;gtk+3;gtk-doc;libsoup;sqlite;vala;
libdaemon,doxygen;lynx;
libdazzle,gtk+3;vala;
libdbusmenu-qt,doxygen;qt;
libdiscid,doxygen;
libdmx,
libdrm,cairo;cmake;docbook-xml45;docbook-xsl;libatomic-ops;libxslt;valgrind;xorg-libraries;
libdv,popt;sdl;xorg;
libdvdcss,doxygen;
libdvdnav,libdvdread;
libdvdread,
libedit,
libelf,
libepoxy,doxygen;mesa;
libevdev,doxygen;valgrind;
libevent,doxygen;
libexif,doxygen;graphviz;
libffcall,
libffi,
libfm,dbus-glib;gtk+2;gtk+3;gtk-doc;gvfs;libexif;lxmenu-data;menu-cache;vala;
libfm-extra,glib;
libfontenc,
libfs,
libgcrypt,libgpg-error;pth;texlive;
libgdata,gcr;git;gnome-online-accounts;gobject-introspection;gtk+3;gtk-doc;json-glib;liboauth;libsoup;uhttpmock;vala;
libgee,glib;gobject-introspection;vala;
libgit2,
libglade,gtk+2;gtk-doc;libxml2;python2;
libgnome-keyring,
libgpg-error,
libgphoto2,
libgrss,gtk-doc;libsoup;
libgsf,gdk-pixbuf;glib;gobject-introspection;gtk-doc;libxml2;
libgtop,glib;gobject-introspection;gtk-doc;xorg-libraries;
libgudev,glib;gobject-introspection;gtk-doc;umockdev;
libgusb,gobject-introspection;gtk-doc;libusb;usbutils;vala;
libgweather,geocode-glib;gobject-introspection;gtk+3;gtk-doc;libsoup;libxml2;vala;
libgxps,git;gtk+3;gtk-doc;libarchive;libjpeg-turbo;libtiff;libxslt;little-cms;
libhandy,gtk+3;gtk-doc;vala;
libical,berkeley-db;cmake;doxygen;gobject-introspection;icu;python-pygobject;vala;
libice,
libidn,emacs;gtk-doc;openjdk;pth;valgrind;
libidn2,git;gtk-doc;libunistring;
libindicator,
libinput,gtk+3;libevdev;libwacom;mtdev;valgrind;
libiodbc,gtk+2;
libiscsi,
libisoburn,doxygen;libburn;libisofs;tk;
libisofs,doxygen,
libjpeg-turbo,cmake;nasm;yasm;
libkcddb,kde-frameworks;libmusicbrainz;
libkdcraw,kde-frameworks;libraw;
libkexiv2,exiv2;kde-frameworks;
libksba,libgpg-error;valgrind;
libkscreen,
libksysguard,
liblinear,
libmad,
libmbim,gobject-introspection;gtk-doc;libgudev;
libmicrohttpd,
libmng,libjpeg-turbo;little-cms;
libmnl,
libmpeg2,sdl;xorg;
libmusicbrainz,cmake;doxygen;libxml2;neon;
libmusicbrainz2,python2;
libmypaint,doxygen;glib;gobject-introspection;json-c;
libndp,
libnfsidmap,openldap;
libnl,
libnma,gcr;gtk+3;iso-codes;networkmanager;vala;
libnotify,gobject-introspection;gtk+3;gtk-doc;xmlto;
libnsl,libtirpc;rpcsvc-proto;
liboauth,curl;doxygen;nss;
libogg,
libpaper,
libpcap,bluez;libnl;libusb;
libpciaccess,
libpeas,gobject-introspection;gtk+3;gtk-doc;libxml2;python-pygobject;
libpipeline,
libpng,
libportal,glib;gtk-doc;
libpsl,gtk-doc;libidn2;valgrind;
libpwquality,cracklib;linux-pam;python2;
libqmi,glib;gobject-introspection;gtk-doc;libmbim;
libquicktime,alsa-lib;doxygen;faac;faad2;ffmpeg;gtk+2;lame;libdv;libjpeg-turbo;libpng;libvorbis;x264;xorg-libraries;
libraw,jasper;libjpeg-turbo;little-cms;
libreoffice,perl-archive-zip;unzip;wget;which;zip;apache-ant;apr;boost;clucene;cups;curl;dbus-glib;libepoxy;libjpeg-turbo;llvm;clang;gtk+3;harfbuzz;icu;libatomic-ops;little-cms;librsvg;libxml2;libxslt;lxml;mesa;neon;nss;openldap;poppler;postgresql;redland;serf;unixodbc;avahi;bluez;dconf;desktop-file-utils;doxygen;evolution-data-server;gdb;gnutls;kde-frameworks;libpaper;mariadb;mit-kerberos-v5;nasm;sane;telepathy-glib;valgrind;vlc;zenity;
librep,
librsvg,cairo;gdk-pixbuf;gobject-introspection;gtk-doc;pango;rustc;vala;
libsamplerate,alsa-lib;fftw;libsndfile;
libsass,
libseccomp,valgrind;which;
libsecret,docbook-xml45;docbook-xsl;gjs;glib;gobject-introspection;gtk-doc;libgcrypt;libxslt;python-pygobject;python-dbus;vala;valgrind;
libsigc++,boost;docbook-utils;doxygen;libxslt;
libsigc++3,boost;docbook-utils;doxygen;libxslt;
libsigsegv,
libsm,
libsndfile,alsa-lib;flac;libvorbis;opus;speex;sqlite;
libsoup,apache;brotli;curl;glib-networking;gobject-introspection;gtk-doc;libpsl;libxml2;mit-kerberos-v5;php;samba;sqlite;vala;
libspiro,
libssh2,gnupg;libgcrypt;openssh;
libstatgrab,
libstdc++,
libtasn1,gtk-doc;valgrind;
libtheora,libogg;libvorbis;sdl;libpng;doxygen;texlive;valgrind;
libtiff,cmake;freeglut;libjpeg-turbo;libwebp;
libtirpc,mit-kerberos-v5;
libtool,
libungif,
libuninameslist,
libunique,gobject-introspection;gtk+2;gtk-doc;
libunistring,texlive;
libusb,doxygen;
libuv,
libva,doxygen;libdrm;mesa;wayland;
libvdpau,doxygen;graphviz;texlive;xorg-libraries;
libvdpau-va-gl,cmake;doxygen;ffmpeg;graphviz;libva;libvdpau;texlive;
libvorbis,doxygen;libogg;texlive;
libvpx,curl;doxygen;nasm;php;which;yasm;
libwacom,doxygen;git;gtk+2;libgudev;librsvg;libxml2;valgrind;
libwebp,freeglut;giflib;libjpeg-turbo;libpng;libtiff;sdl;
libwnck2,gobject-introspection;gtk+2;gtk-doc;startup-notification;
libwnck3,gobject-introspection;gtk+3;gtk-doc;startup-notification;
libx11,
libxau,xorgproto;
libxaw,
libxaw3d,
libxcb,doxygen;libxau;libxdmcp;libxslt;xcb-proto;
libxcomposite,
libxcursor,
libxdamage,
libxdmcp,fop;libxslt;xmlto;xorgproto;
libxext,
libxfce4ui,gtk+3;xfconf;startup-notification;gtk-doc;gobject-introspection;libgtop;libgudev;
libxfce4util,glib;gtk-doc;gobject-introspection;
libxfixes,
libxfont2,
libxft,
libxi,
libxinerama,
libxkbcommon,doxygen;libxcb;wayland;wayland-protocols;xkeyboard-config;
libxkbfile,
libxklavier,glib;gobject-introspection;gtk-doc;iso-codes;libxml2;vala;xorg-libraries;
libxml2,icu;python2;valgrind;
libxmu,
libxpm,
libxrandr,
libxrender,
libxres,
libxscrnsaver,
libxshmfence,
libxslt,docbook-xml45;docbook-xsl;libgcrypt;libxml2;python2;python2-libxml2;
libxt,
libxtst,
libxv,
libxvmc,
libxxf86dga,
libxxf86vm,
libyaml,doxygen;
lightdm,at-spi2-core;exo;gobject-introspection;gtk-doc;itstool;libgcrypt;libxklavier;linux-pam;pcre;qt;vala;
linecache2,python;python2;
links,gpm;libevent;libjpeg-turbo;libpng;librsvg;libtiff;xorg;
linux,
linux-headers,
linux-lts,
linux-lts-headers,
linux-pam,berkeley-db;docbook-xml45;docbook-xsl;fop;libnsl;libtirpc;libxslt;lynx;
linux-zen,
linux-zen-headers,
little-cms,libjpeg-turbo;libtiff;
little-cms1,libjpeg-turbo;libtiff;python2;swig;
llvm,cmake;doxygen;git;graphviz;libxml2;python-pyyaml;python-pygments;rsync;texlive;valgrind;zip;
lm-sensors,which;
lmdb,
logrotate,popt;
lsb-tools,
lsof,libtirpc;
lua,
lua52,
luit,
lvm2,libaio;mdadm;reiserfsprogs;valgrind;which;xfsprogs;
lxappearance,dbus-glib;docbook-xml45;docbook-xsl;gtk+2;libxslt;
lxappearance-obconf,lxappearance;openbox;
lxde-common,desktop-file-utils;hicolor-icon-theme;lxde-icon-theme;lxpanel;lxsession;pcmanfm;shared-mime-info;
lxde-icon-theme,gtk+2;gtk+3;
lxdm,gtk+2;gtk+3;iso-codes;librsvg;lxsession;polkit-gnome;
lxinput,gtk+2;
lxmenu-data,
lxpanel,alsa-lib;gnome-screenshot;keybinder;libwnck2;libxml2;lxmenu-data;menu-cache;wireless-tools;
lxrandr,docbook-xml45;docbook-xsl;gtk+2;libxslt;xrandr;xorg-applications;
lxsession,dbus-glib;docbook-xml45;docbook-xsl;gtk+3;libunique;libxslt;lsb-tools;polkit;vala;
lxtask,gtk+2;
lxterminal,docbook-xml45;docbook-xsl;libxslt;vte028;
lynx,gnutls;sendmail;sharutils;unzip;zip;
lz4,
lzo,
m4,
make,
make-ca,p11-kit;
mailx,nss;mit-kerberos-v5;sendmail;
malix,mit-kerberos-v5;nss;sendmail;
man-db,
man-pages,
mariadb,boost;cmake;libaio;libevent;libxml2;linux-pam;mit-kerberos-v5;pcre;ruby;unixodbc;valgrind;
mc,doxygen;glib;gpm;pcre;samba;slang;unzip;xorg;zip;ruby;libssh2;
mdadm,sendmail;
menu-cache,gtk-doc;libfm-extra;xdg-utils;
mercurial,git;gnupg;python-docutils;python-pygments;rustc;subversion;
mesa,libdrm;libgcrypt;libva;libvdpau;llvm;lm-sensors;nettle;python-mako;valgrind;wayland-protocols;xorg-libraries;
meson,
milou,
minisql,
mit-kerberos-v5,bind-utilities;gnupg;keyutils;openldap;valgrind;yasm;
mkfontdir,
mkfontscale,
mlt,doxygen;fftw;frei0r-plugins;libexif;qt;sdl;sdl2;
modemmanager,gobject-introspection;gtk-doc;libgudev;libmbim;libqmi;polkit;vala;
modemmanager-qt,
mono,
more-termcolor,python;
mousepad,dbus-glib;gtksourceview3;xfconf;
mpc,
mpfr,
mpg123,alsa-lib;pulseaudio;sdl;
mplayer,yasm;gtk+2;libvdpau-va-gl;cdparanoia-iii;libcdio;libdvdread;libdvdnav;libdvdcss;samba;alsa;pulseaudio;sdl;aalib;giflib;libjpeg-turbo;libmng;libpng;faac;faad2;lame;liba52;libdv;libmad;libmpeg2;libtheora;libvpx;lzo;mpg123;speex;xvid;x264;fontconfig;freetype;fribidi;gnutls;opus;unrar;libxslt;docbook-xml45;docbook-xsl;
mtdev,
mupdf,curl;glu;harfbuzz;libjpeg-turbo;openjpeg;xorg-libraries;
mutt,aspell;cyrus-sasl;gdb;gnupg;gnutls;gpgme;libidn;links;lynx;mit-kerberos-v5;sendmail;slang;sqlite;
mutter,desktop-file-utils;gnome-desktop;gnome-settings-daemon;gobject-introspection;graphene;gtk+3;libcanberra;libinput;libwacom;libxkbcommon;pipewire;startup-notification;upower;wayland;wayland-protocols;xorg-server;zenity;
mypaint-brushes,
nano,
nasm,asciidoc;xmlto;
nautilus,bubblewrap;desktop-file-utils;exempi;gexiv2;gnome-autoar;gnome-desktop;gobject-introspection;gst-plugins-base;gtk-doc;libexif;libnotify;libseccomp;tracker-miners3;
ncftp,clang;llvm;
ncurses,
neofetch,bash;
neon,gnutls;libxml2;mit-kerberos-v5;
neovim,cmake;unzip;
net-ssh2,perl;
net-tools-cvs,
nettle,
network-manager-applet,gnome-bluetooth;gobject-introspection;gtk+3;jansson;libnma;libnotify;libsecret;modemmanager;
networkmanager,jansson;libndp;curl;dhcp;gobject-introspection;iptables;newt;nss;polkit;python-pygobject;systemd;upower;vala;wpa-supplicant;bluez;python-dbus;gnutls;gtk-doc;libpsl;qt;modemmanager;valgrind;
networkmanager-qt,
newt,popt;python2;slang;
nfs-utils,libcap;libnsl;libtirpc;lvm2;mit-kerberos-v5;rpcsvc-proto;sqlite;openldap;cyrus-sasl;
nghttp2,boost;jansson;libevent;libxml2;
ninja,
nmap,liblinear;libpcap;libssh2;lua;pcre;python2-pygtk;python2;
nodejs,c-ares;icu;libuv;nghttp2;python2;which;
notification-daemon,gtk+3;libcanberra;
npm,
npth,
nspr,
nss,nspr;sqlite;
ntfs-3g,
ntp,libcap;libevent;perl-io-socket-ssl;
python-numpy,
okular,kde-frameworks;libkexiv2;libtiff;poppler;qca;
onefetch,rustc;
openbox,imagemagick;imlib2;librsvg;pango;python-pyxdg;startup-notification;xorg;
opencv,apache-ant;cmake;doxygen;ffmpeg;gst-plugins-base;gtk+3;jasper;java;libjpeg-turbo;libpng;libtiff;libwebp;python2;unzip;v4l-utils;xine-lib;
openjade,opensp;
openjdk,alsa-lib;cpio;cups;giflib;git;graphviz;java;libjpeg-turbo;libpng;little-cms;make-ca;mercurial;unzip;wget;which;xorg-libraries;zip;
openjpeg,cmake;doxygen;libpng;libtiff;little-cms;
openldap,berkeley-db;cyrus-sasl;gnutls;mariadb;postgresql;pth;unixodbc;
openmpi,
openslp,
opensp,sgml-common;xmlto;
openssh,gdb;linux-pam;mit-kerberos-v5;xorg;
openssl,
opus,doxygen;texlive;
oxygen,
oxygen-icons5,extra-cmake-modules;qt;
p11-kit,gtk-doc;libtasn1;libxslt;
p7zip,
packagekit,
packagekit-qt,packagekit;qt;
pango,cairo;cantarell-fonts;fontconfig;fribidi;glib;gobject-introspection;gtk-doc;xorg-libraries;
pangomm,libcairomm;glibmm;pango;
paps,doxygen;pango;
parameterized,
parole,gst-plugins-base;gst-plugins-good;libnotify;libxfce4ui;taglib;gtk-doc;
parted,dosfstools;lvm2;pth;texlive;
passwdqc,
patch,
pavucontrol,gtkmm3;libcanberra;libsigc++;pulseaudio;
pax,
pbr,python;python2;
pciutils,curl;lynx;wget;
pcmanfm,adwaita-icon-theme;fribidi;libfm;lxde-icon-theme;oxygen-icons5;
pcre,valgrind;
pcre2,valgrind;
pep8,python;python2;
perl,
perl-algorithm-diff,perl;
perl-alien-build,perl;perl-capture-tiny;perl-ffi-checklib;perl-file-chdir;perl-file-which;
perl-alien-libxml2,libxml2;perl;perl-alien-build;perl-test2-suite;
perl-archive-zip,perl;perl-test-mockmodule;unzip;
perl-autovivification,perl;
perl-b-cow,perl;
perl-b-hooks-endofscope,perl;perl-module-implementation;perl-sub-exporter-progressive;perl-try-tiny;perl-variable-magic;
perl-business-isbn,perl;perl-business-isbn-data;
perl-business-isbn-data,perl;
perl-business-ismn,perl;perl-tie-cycle;
perl-business-issn,perl;
perl-capture-tiny,perl;
perl-class-accessor,perl;
perl-class-data-inheritable,perl;
perl-class-inspector,perl;
perl-class-singleton,perl;
perl-class-tiny,perl;
perl-clone,perl;perl-b-cow;
perl-config-autoconf,perl;perl-capture-tiny;perl-file-slurper;
perl-cpan-meta-check,perl;perl-test-deep;
perl-data-compare,perl;perl-clone;perl-file-find-rule;
perl-data-dump,perl;
perl-data-uniqid,perl;
perl-datetime,datatime-timezone;perl;perl-cpan-meta-check;perl-datetime-locale;perl-test-fatal;perl-test-warnings;
perl-datetime-calendar-julian,perl;perl-datetime;
perl-datetime-format-builder,perl;perl-datetime-format-strptime;perl-params-validate;
perl-datetime-format-strptime,perl;perl-datetime;
perl-datetime-locale,perl;perl-cpan-meta-check;perl-dist-checkconflicts;perl-file-sharedir;perl-ipc-system-simple;perl-namespace-autoclean;perl-params-validationcompiler;perl-test-file-sharedir;
perl-datetime-timezone,perl;perl-class-singleton;perl-module-runtime;perl-params-validationcompiler;perl-test-fatal;perl-test-requires;
perl-devel-stacktrace,perl;
perl-dist-checkconflicts,perl;perl-module-runtime;perl-test-fatal;
perl-encode-eucjpascii,perl;
perl-encode-hanextra,perl;
perl-encode-jis2k,perl;
perl-encode-locale,perl;
perl-eval-closure,perl;perl-test-fatal;perl-test-requires;
perl-exception-class,perl;perl-class-data-inheritable;perl-devel-stacktrace;
perl-exporter-tiny,perl;
perl-extutils-libbuilder,perl;perl-module-build;
perl-ffi-checklib,perl;perl-capture-tiny;perl-path-tiny;perl-test2-suite;
perl-file-chdir,perl;
perl-file-copy-recursive,perl;perl-path-tiny;perl-test-deep;perl-test-fatal;perl-test-file;perl-test-warnings;
perl-file-find-rule,perl;perl-number-compare;perl-text-glob;
perl-file-listing,perl;perl-http-date;
perl-file-sharedir,perl;perl-class-inspector;perl-file-sharedir-install;
perl-file-sharedir-install,perl;
perl-file-slurper,perl;perl-test-warnings;
perl-file-which,perl;
perl-html-parser,perl;perl-html-tagset;
perl-html-tagset,perl;
perl-http-cookies,perl;perl-http-message;
perl-http-daemon,perl;perl-http-message;
perl-http-date,perl;perl-timedate;
perl-http-message,perl;perl-encode-locale;perl-http-date;perl-io-html;perl-lwp-mediatypes;perl-try-tiny;perl-uri;
perl-http-negotiate,perl;perl-http-message;
perl-http-parser,perl;perl-html-tagset;
perl-importer,perl;
perl-io-html,perl;
perl-io-socket-ssl,make-ca;perl;perl-net-ssleay;perl-uri;
perl-io-string,perl;
perl-ipc-run3,perl;
perl-ipc-system-simple,perl;
perl-libwww-perl,perl;perl-file-listing;perl-html-parser;perl-http-cookies;perl-http-daemon;perl-http-negotiate;perl-net-http;perl-test-fatal;perl-test-needs;perl-test-requiresinternet;perl-try-tiny;perl-www-robotrules;
perl-lingua-translit,perl;
perl-list-allutils,perl;perl-list-someutils;perl-list-utilsby;
perl-list-moreutils,perl;perl-exporter-tiny;perl-list-moreutils;
perl-list-moreutils-xs,perl;
perl-list-someutils,perl;perl-list-someutils-xs;perl-module-implementation;
perl-list-someutils-xs,perl;perl-test-leaktrace;perl-test-warnings;
perl-list-utilsby,perl;
perl-log-log4perl,perl;
perl-lwp-mediatypes,perl;perl-test-fatal;
perl-lwp-protocol-https,make-ca;perl;perl-io-socket-ssl;perl-libwww-perl;
perl-mime-charset,perl;perl-encode-eucjpascii;perl-encode-hanextra;perl-encode-jis2k;
perl-module-build,perl;
perl-module-implementation,perl;perl-module-runtime;perl-test-fatal;perl-test-requires;perl-try-tiny;
perl-module-pluggable,perl;
perl-module-runtime,perl;
perl-mro-compat,perl;
perl-namespace-autoclean,perl;perl-namespace-clean;perl-sub-identify;perl-test-needs;
perl-namespace-clean,perl;perl-b-hooks-endofscope;perl-package-stash;
perl-net-dns,perl;
perl-net-http,perl;perl-uri;
perl-net-ssleay,perl;
perl-number-compare,perl;
perl-package-stash,perl;perl-dist-checkconflicts;perl-module-implementation;perl-test-fatal;perl-test-needs;perl-cpan-meta-check;
perl-params-validate,perl;perl-module-build;perl-module-implementation;perl-test-fatal;perl-test-requires;
perl-params-validationcompiler,perl;perl-exception-class;perl-specio;perl-test-without-module;perl-test2-plugin-nowarnings;
perl-parse-recdescent,perl;
perl-parse-yapp,perl;
perl-path-tiny,perl;
perl-perlio-utf8-strict,perl;perl-test-exception;
perl-regexp-common,perl;
perl-role-tiny,perl;
perl-scope-guard,perl;
perl-sgmlspm,perl;
perl-sort-key,perl;
perl-specio,perl-namespace-autoclean;perl;perl-devel-stacktrace;perl-eval-closure;perl-module-runtime;perl-mro-compat;perl-role-tiny;perl-sub-quote;perl-test-fatal;perl-test-needs;perl-try-tiny;
perl-sub-exporter-progressive,perl;
perl-sub-identify,perl;
perl-sub-info,perl;perl-importer;
perl-sub-quote,perl;perl-test-fatal;
perl-sub-uplevel,perl;
perl-super,perl;perl-sub-identify;
perl-term-table,perl;perl-importer;
perl-test-command,perl;
perl-test-deep,perl;
perl-test-differences,perl;perl-capture-tiny;perl-text-diff;
perl-test-exception,perl;perl-sub-uplevel;
perl-test-fatal,perl;perl-try-tiny;
perl-test-file,perl;perl-test-utf8;
perl-test-file-sharedir,perl;perl-class-tiny;perl-file-copy-recursive;perl-file-sharedir;perl-path-tiny;perl-scope-guard;perl-test-fatal;
perl-test-leaktrace,perl;
perl-test-mockmodule,perl;perl-module-build;perl-super;perl-test-warnings;
perl-test-needs,perl;
perl-test-requires,perl;
perl-test-requiresinternet,perl;
perl-test-utf8,perl;
perl-test-warnings,perl;
perl-test-without-module,perl;
perl-test2-plugin-nowarnings,perl;perl-ipc-run3;perl-test2-suite;
perl-test2-suite,perl;perl-module-pluggable;perl-scope-guard;perl-sub-info;perl-term-table;
perl-text-bibtex,perl;perl-config-autoconf;perl-extutils-libbuilder;
perl-text-csv,perl;perl-text-csv-xs;
perl-text-csv-xs,perl;
perl-text-diff,perl;perl-algorithm-diff;
perl-text-glob,perl;
perl-text-roman,perl;
perl-tie-cycle,perl;
perl-timedate,perl;
perl-try-tiny,perl;perl-capture-tiny;
perl-unicode-collate,perl;
perl-unicode-linebreak,perl;perl-mime-charset;wget;
perl-uri,perl;perl-test-needs;
perl-variable-magic,perl;
perl-www-robotrules,perl;
perl-xml-libxml,perl;perl-alien-libxml2;perl-xml-sax;
perl-xml-libxml-simple,perl;perl-xml-libxml;
perl-xml-libxslt,libxslt;perl;perl-xml-libxml;
perl-xml-namespacesupport,perl;
perl-xml-parser,perl;
perl-xml-sax,libxml2;perl;perl-xml-namespacesupport;perl-xml-sax-base;
perl-xml-sax-base,perl;
perl-xml-simple,perl;perl-xml-sax;
perl-xml-writer,perl;
phonon,cmake;extra-cmake-modules;glib;pulseaudio;qt;
phonon-backend-gstreamer,gst-plugins-bad;gst-plugins-base;gst-plugins-good;gst-plugins-ugly;gstreamer;libxml2;phonon;
phonon-backend-vlc,phonon;vlc;
php,apache;libxml2;aspell;enchant;libxslt;sendmail;pcre;pth;freetype;libexif;libjpeg-turbo;libpng;libtiff;libwebp;xorg;curl;tidy-html5;berkeley-db;libiodbc;lmdb;mariadb;openldap;postgresql;sqlite;unixodbc;cyrus-sasl;mit-kerberos-v5
pidgin,avahi;cyrus-sasl;dbus;evolution-data-server;gconf;gnutls;gstreamer;gtk+2;libgcrypt;libidn;mit-kerberos-v5;networkmanager;nss;sqlite;startup-notification;tk;
pinentry,emacs;fltk;gcr;gtk+2;gtk+3;libassuan;libgpg-error;libsecret;qt;
pipewire,bluez;doxygen;ffmpeg;graphviz;gst-plugins-base;gstreamer;libva;pulseaudio;sbc;sdl2;v4l-utils;valgrind;
pixman,gtk+2;libpng;
pkg-config,
plasma,gconf;gtk+2;gtk+3;kde-frameworks;libpwquality;libxkbcommon;mesa;wayland;networkmanager;pipewire;pulseaudio;qca;sassc;taglib;xcb-util-cursor;fftw;gsettings-desktop-schemas;libdbusmenu-qt;libcanberra;libinput;linux-pam;lm-sensors;oxygen-icons5;pciutils;glu;ibus;xorg-synaptics-driver;kdecoration;libkscreen;libksysguard;breeze;breeze-gtk;kscreenlocker;oxygen;kinfocenter;ksysguard;kwayland-server;kwin;plasma-workspace;plasma-disks;bluedevil;kde-gtk-config;khotkeys;kmenuedit;kscreen;kwallet-pam;kwayland-integration;kwrited;milou;plasma-nm;plasma-pa;plasma-workspace-wallpapers;polkit-kde-agent;powerdevil;plasma-desktop;kdeplasma-addons;kgamma5;ksshaskpass;plasma-sdk;sddm-kcm;discover;breeze-grub;breeze-plymouth;kactivitymanagerd;plasma-integration;plasma-tests;plymouth-kcm;xdg-desktop-portal;drkonqi;plasma-vault;plasma-browser-integration;kde-cli-tools;systemsettings;plasma-thunderbolt;plasma-nano;plasma-phone-components;plasma-firewall;plasma-systemmonitor;qqc2-breeze-style;
plasma-browser-integration,
plasma-desktop,
plasma-firewall,
plasma-framework,
plasma-integration,
plasma-nano,
plasma-nm,
plasma-pa,
plasma-phone-components,
plasma-sdk,
plasma-systemmonitor,
plasma-tests,
plasma-thunderbolt,
plasma-vault,
plasma-wayland-protocols,extra-cmake-modules;
plasma-workspace,
plasma-workspace-wallpapers,
plymouth-kcm,
pm-utils,xmlto;
pnmixer,alsa-utils;gtk+3;libnotify;
pod-pom-view-restructured,
polkit,docbook-xml45;docbook-xsl;glib;gobject-introspection;gtk-doc;js78;libxslt;linux-pam;python-dbus;python-dbusmock;
polkit-gnome,gtk+3;polkit;
polkit-kde-agent,
polkit-qt,cmake;polkit;qt;
poppler,boost;cairo;cmake;curl;fontconfig;gdk-pixbuf;git;gobject-introspection;gtk+3;gtk-doc;libjpeg-turbo;libpng;libtiff;little-cms;nss;openjpeg;python-pygments;qt;
popt,doxygen;
postfix,berkeley-db;cyrus-sasl;icu;libnsl;mariadb;openldap;pcre;postgresql;sqlite;
postgresql,docbook-dsssl;docbook-dtd45;docbook-utils;fop;libxml2;libxslt;linux-pam;mit-kerberos-v5;openjade;openldap;perl-sgmlspm;python2;icu;
potrace,clang;llvm;
powerdevil,
prelude,
prison,
procmail,libnsl;sendmail;
procps-ng,
proftpd,libcap;libssh2;linux-pam;mariadb;pcre;postgresql;
psmisc,
pth,
pulseaudio,alsa-lib;avahi;bluez;dbus;fftw;gconf;glib;gtk+3;libcap;libsamplerate;libsndfile;linux-pam;sbc;speex;valgrind;xorg-libraries;
purpose,
py-future,
python,berkeley-db;bluez;gdb;sqlite;tk;valgrind;
python-argparse,python;python2;
python-contextlib2,python;python2;
python-coverage,python;python2;
python-cython,python;python2;
python-dbus,dbus;glib;python-pygobject;python;python-docutils;python2;
python-dbusmock,python;
python-decorator,python;
python-docutils,python;python2;
python-extras,python;python2;
python-fixtures,python;python2;
python-hypothesis,python;
python-jinja2,python;python-markupsafe;
python-lxml,gdb;libxslt;python;python2;valgrind;
python-mako,python;python-markupsafe;
python-markdown,python;
python-markupsafe,python;
python-mimeparse,python;python2;
python-pip,python;python2;
python-py3c,python;
python-pyatspi2,at-spi2-core;python-pygobject;python;
python-pycairo,cairo;python;
python-pycryptodome,python;
python-pyflakes,python;python2;
python-pygments,python;
python-pygobject,gobject-introspection;python;python-pycairo;
python-pyopenssl,python;
python-pyrad,python;
python-pytest,python;python2;
python-pytest-cov,python;python2;
python-pyxdg,python;python2;
python-pyyaml,libyaml;python;python2;
python-scour,python;python-six;
python-six,python;python2;
python-slip,python;python-dbus;python-decorator;python-six;
python-subunit,python;python2;
python-virtualenv,python;python2;
python2,bluez;sqlite;tk;valgrind;
python2-doctools,python2;
python2-enum34,python2;
python2-libxml2,libxml2;python2;
python2-pycairo,cairo;python2;
python2-pygtk,atk;gtk+2;libglade;libxslt;pango;python2-pygobject;python2;python2-pycairo;
python2-pygobject,glib;gobject-introspection;libxslt;python2;python2-pycairo;
python2-unittest,python2;
python2-traceback,python;python2;
qca,cmake;cyrus-sasl;doxygen;gnupg;libgcrypt;libgpg-error;make-ca;nspr;nss;p11-kit;qt;which;
qemu,alsa;alsa-lib;bluez;curl;cyrus-sasl;glib;gnutls;gtk+2;gtk+3;libgcrypt;libssh2;libusb;lzo;mesa;nettle;pulseaudio;python;sdl;sdl2;vte;vte028;xorg;
qpdf,fop;gnutls;libjpeg-turbo;libxslt;
qqc2-desktop-style,
qrencode,libpng;doxygen;sdl2;
qt,xorg-libraries;alsa-lib;make-ca;cups;glib;gst-plugins-base;harfbuzz;jasper;libjpeg-turbo;libmng;libpng;libtiff;libwebp;libxkbcommon;mesa;mit-kerberos-v5;mtdev;pcre2;sqlite;wayland;xcb-util-image;xcb-util-keysysms;xcb-util-renderutil;xcb-util-wm;bluez;ibus;libinput;mariadb;pciutils;postgresql;python2;pulseaudio;sdl2;unixodbc
qtwebengine,alsa-lib;ffmpeg;icu;libevent;libwebp;libxslt;nss;opus;poppler;pulseaudio;python2;qt;
quota-tools,
raptor,curl;gtk-doc;icu;libxslt;
rarian,docbook-xml45;libxslt;
rasqal,libgcrypt;pcre;raptor;
readline,
redland,berkeley-db;libiodbc;mariadb;postgresql;rasqal;sqlite;
reiserfsprogs,
rep-gtk,gtk+2;librep;
resolv-wrapper,
rest,gobject-introspection;gtk-doc;libsoup;make-ca;
ristretto,libexif;libxfce4ui;
rox-filer,libglade;shared-mime-info;
rpcbind,libtirpc;
rpcsvc-proto,
rrdtool,libxml2;pango;
rsync,doxygen;popt;
ruby,berkeley-db;doxygen;graphviz;libyaml;tk;valgrind;
rustc,clang;cmake;curl;gdb;libssh2;
rvpkg,rustc;
rxvt-unicode,gdk-pixbuf;startup-notification;xorg;
samba,gnutls;jansson;libtirpc;lmdb;rpcsvc-proto;fuse;gpgme;icu;libxslt;linux-pam;perl-parse-yapp;python-pycryptodome;openldap;avahi;bind;cups;cyrus-sasl;gdb;git;gnupg;libaio;libarchive;libcap;libgcrypt;libnsl;mit-kerberos-v5;nss;popt;talloc;vala;valgrind;xfsprogs;python-six;
sane,avahi;cups;gimp;gtk+2;libjpeg-turbo;libtiff;libusb;texlive;v4l-utils;xorg;
sassc,
sawfish,rep-gtk;which;gdk-pixbuf-xlib;
sbc,libsndfile;
scons,docbook-xsl;libxslt;
screen,linux-pam;
sddm,cmake;extra-cmake-modules;linux-pam;python-docutils;qt;upower;
sddm-kcm,
sdl,aalib;alsa;glu;nasm;pth;pulseaudio;xorg;xorg-libraries;
sdl2,libxkbcommon;wayland-protocols;xorg-libraries;alsa;doxygen;ibus;nasm;pulseaudio;libsamplerate;xorg;
seahorse,avahi;gcr;gnupg;gpgme;itstool;libhandy;libpwquality;libsecret;libsoup;openldap;openssh;p11-kit;vala;
seamonkey,alsa-lib;autoconf213;curl;dbus-glib;doxygen;gconf;gst-plugins-base;gtk+2;gtk+3;icu;libevent;nspr;nss;openjdk;pulseaudio;rustc;startup-notification;unzip;valgrind;wget;wireless-tools;yasm;zip;
sed,
sendmail,cyrus-sasl;ghostscript;openldap;
serf,apr-util;mit-kerberos-v5;scons;
sessreg,
setxkbmap,
sg3-utils,
sgml-common,
shadow,cracklib;linux-pam;
shared-mime-info,glib;itstool;libxml2;xmlto;
sharutils,
slang,libpng;pcre;
smartmontools,
smproxy,
solid,
sonnet,
sound-theme-freedesktop,
soundtouch,
speex,libogg;valgrind;
sphinx,
sphinx-rtd-theme,
sqlite,unzip;
ssh-askpass,gtk+3;xorg-libraries;
sshfs,fuse;glib;openssh;python-docutils;
startup-notification,xcb-util;xorg-libraries;
stunnel,
subversion,apache;apache-ant;apr-util;cyrus-sasl;dbus;gnome-keyring;libsecret;openjdk;python-py3c;python2;ruby;serf;sqlite;swig;
sudo,linux-pam;mit-kerberos-v5;openldap;sendmail;
swig,boost;pcre;
sxhkd,
syndication,
syntax-highlighting,
sysprof,gtk+3;libdazzle;polkit;
sysstat,
systemd,btrfs-progs;cryptsetup;curl;git;gnutls;iptables;libgcrypt;libidn2;libpwquality;libseccomp;libxkbcommon;linux-pam;make-ca;pcre2;polkit;qemu;qrencode;valgrind;zsh;docbook-xml45;docbook-xsl;libxslt;python-lxml
systemsettings,
taglib,boost;cmake;
talloc,docbook-xml45;docbook-xsl;gdb;git;libnsl;libtirpc;libxslt;python2;valgrind;xfsprogs;
tar,
tcl,
tcsh,
tdb,
telepathy-glib,dbus-glib;gobject-introspection;gtk-doc;libxslt;vala;
telepathy-logger,gobject-introspection;gtk-doc;python2;sqlite;telepathy-glib;
telepathy-mission-control,gtk-doc;libgnome-keyring;networkmanager;telepathy-glib;upower;
tepl,amtk;gtk-doc;gtksourceview4;libxml2;uchardet;valgrind;icu;
testresources,python;python-fixtures;python2;testtools;
testscenarios,python2;testtools;
testtools,python;python2;
texinfo,
texlive,fontconfig;freetype;gc;ghostscript;graphite2;harfbuzz;icu;libpaper;libpng;poppler;xorg;
thin-provisioning-tools,boost;expat;
threadweaver,
thunar,exo;libgudev;libnotify;pcre;gtk-doc;gvfs;libexif;
thunar-volman,exo;libgudev;libnotify;gvfs;
thunderbird,autoconf213;cbindgen;clang;cyrus-sasl;dbus-glib;doxygen;gconf;gtk+2;gtk+3;icu;libevent;llvm;nodejs;nspr;nss;pulseaudio;python;sqlite;startup-notification;unzip;wget;wireless-tools;yasm;zip;
tidy-html5,cmake;libxslt;
tigervnc,cmake;fltk;gnutls;imagemagick;libgcrypt;libjpeg-turbo;linux-pam;pixman;xorg-applications;xorg-legacy;
time,
tk,xorg-libraries;
totem-pl-parser,cmake;gobject-introspection;gtk-doc;gvfs;libarchive;libgcrypt;libsoup;
traceroute,
tracker2,gobject-introspection;gtk-doc;icu;json-glib;libseccomp;libsoup;networkmanager;sqlite;upower;vala;
tracker3,json-glib;libseccomp;libsoup;vala;gobject-introspection;icu;networkmanager;sqlite;upower;asciidoc;gtk-doc;
tracker-miners2,gst-plugins-base;tracker2;exempi;gexiv2;ffmpeg;flac;giflib;icu;libexif;libgrss;libgxps;poppler;cmake;dconf;libgsf;libseccomp;taglib;totem-pl-parser;upower;
tracker-miners3,gst-plugins-base;tracker3;exempi;gexiv2;ffmpeg;giflib;icu;libexif;libgrss;libgxps;poppler;asciidoc;cmake;dconf;libgsf;libseccomp;taglib;totem-pl-parser;upower;
transcode,alsa-lib;faac;ffmpeg;freetype;lame;liba52;libdv;libdvdread;libjpeg-turbo;libmpeg2;libogg;libquicktime;libtheora;libvorbis;libxml2;lzo;sdl;v4l-utils;x264;xorg-libraries;xvid;
transmission,curl;doxygen;gdb;gtk+3;libevent;qt;
tree,
tripwire,sendmail;
trousers,
tumbler,curl;freetype;gdk-pixbuf;glib;gst-plugins-base;gtk-doc;libgsf;libjpeg-turbo;libpng;poppler;
twm,xorg-legacy;xorg-server;
uchardet,cmake;
udisks,gobject-introspection;gtk-doc;libatasmart;libblockdev;libgudev;libxslt;lvm2;ntfs-3g;polkit;python-pygobject;python-dbus;systemd;
uhttpmock,gobject-introspection;gtk-doc;libsoup;vala;
umockdev,gtk-doc;libgudev;vala;
unbound,doxygen;libevent;nettle;python2;swig;
unixodbc,pth;
unrar,
unzip,
upower,gobject-introspection;gtk-doc;libgudev;libusb;polkit;python-dbusmock;umockdev;
usbutils,libusb;wget;
user-manager,
util-linux,
util-macros,
v4l-utils,alsa-lib;doxygen;glu;libjpeg-turbo;llvm;qt;sdl2;
vala,dbus;glib;graphviz;libxslt;
valgrind,clang;gdb;llvm;which;
vim,gpm;gtk+3;lua;python2;rsync;ruby;xorg;
vinagre,avahi;gtk-vnc;itstool;libsecret;telepathy-glib;vala;vte;
vlc,alsa-lib;desktop-file-utils;ffmpeg;liba52;libgcrypt;libmad;lua52;xorg;dbus;libidn;libssh2;libarchive;libcddb;libdv;libdvdcss;libdvddread;libdvdnav;opencv;samba;v4l-utils;libcdio;libogg;faad2;flac;libass;libmpeg2;libpng;libtheora;libva;libvorbis;opus;speex;x264;aalib;fontconfig;freetype;fribidi;librsvg;libvdpau;pulseaudio;libsamplerate;qt;avahi;gnutls;libnotify;libxml2;taglib;
volume-key,cryptsetup;glib;gpgme;nss;python2;swig;
vorbis-tools,curl;flac;libao;libvorbis;speex;
vscodium,nodejs;
vsftpd,libcap;libnsl;linux-pam;
vte,fribidi;gnutls;gobject-introspection;gtk+3;gtk-doc;libxml2;pcre2;vala;icu;
vte028,gobject-introspection;gtk+2;gtk-doc;python2-pygtk;
vulkan,
wayland,docbook-xml45;docbook-xsl;doxygen;graphviz;libxml2;libxslt;xmlto;
wayland-protocols,wayland;
webkitgtk+,bubblewrap;cairo;cmake;enchant;geoclue;gobject-introspection;gst-plugins-bad;gst-plugins-base;gtk+3;gtk-doc;harfbuzz;hicolor-icon-theme;icu;libgudev;libnotify;libsecret;libsoup;libwebp;mesa;openjpeg;ruby;sqlite;wayland;which;woff2;
wget,gnutls;libidn2;libpsl;pcre;pcre2;perl-http-daemon;perl-io-socket-ssl;valgrind;
which,
whois,libidn;libidn2;
wireless-tools,
wireshark,brotli;c-ares;doxygen;git;glib;gnutls;libgcrypt;libnl;libpcap;libxml2;libxslt;lua;mit-kerberos-v5;nghttp2;qt;sbc;speex;v5;
woff2,brotli;cmake;
wpa-supplicant,dbus;desktop-file-utils;libnl;libxml2;qt;
wv,libgsf;libpng;
wxwidgets,xorg;
x11perf,
x264,nasm;
x265,cmake;nasm;
xapian,valgrind;
xarchiver,gtk+2;gtk+3;
xauth,
xbacklight,
xbitmaps,util-macros;
xcb-proto,libxml2;
xcb-util,doxygen;libxcb;
xcb-util-cursor,doxygen;xcb-util;
xcb-util-image,doxygen;xcb-util;
xcb-util-keysyms,doxygen;libxcb;
xcb-util-renderutil,doxygen;libxcb;
xcb-util-wm,doxygen;libxcb;
xclock,xorg-libraries;
xcmsdb,
xcursor-themes,xorg-applications;
xcursorgen,
xdg-desktop-portal-kde,
xdg-user-dirs,
xdg-utils,lynx;xmlto;
xdpyinfo,
xdriinfo,
xev,
xfburn,exo;gst-plugins-base;libburn;libisofs;libxfce4ui;
xfce4-appfinder,garcon;
xfce4-notifyd,libnotify;libxfce4ui;xfce4-panel;
xfce4-panel,cairo;exo;garcon;gtk-doc;libwnck3;
xfce4-power-manager,libnotify;upower;xfce4-panel;networkmanager;polkit;
xfce4-pulseaudio-plugin,dbus-glib;keybinder3;libnotify;pulseaudio;xfce4-panel;
xfce4-session,desktop-file-utils;libwnck3;libxfce4ui;polkit-gnome;shared-mime-info;
xfce4-settings,colord;exo;garcon;libcanberra;libinput;libnotify;libxklavier;upower;
xfce4-terminal,libxfce4ui;vte;
xfconf,gtk-doc;libxfce4util;vala;
xfdesktop,exo;libnotify;libwnck3;startup-notification;thunar;
xfsprogs,inih;icu;
xfwm4,libwnck3;libxfce4ui;startup-notification;
xgamma,
xhost,
xindy,clisp;texlive;
xine-lib,aalib;alsa;doxygen;faad2;ffmpeg;flac;gdk-pixbuf;glu;imagemagick;liba52;libdvdcss;libdvdnav;libmad;libmng;libtheora;libva;libvdpau;libvorbis;libvpx;mesa;pulseaudio;samba;sdl;speex;v4l-utils;xorg;
xine-ui,aalib;curl;shared-mime-info;xine-lib;
xinit,twm;xclock;xorg-libraries;xterm;
xinput,
xkbcomp,
xkbevd,
xkbutils,
xkeyboard-config,xorg-libraries;
xkill,
xlsatoms,
xlsclients,
xmessage,
xmlto,docbook-xml45;docbook-xsl;fop;libxslt;links;lynx;
xmodmap,
xorg,libxau;libxcb;libxdmcp;mesa;twm;util-macros;xbitmaps;xcb-proto;xcb-util;xcb-util-cursor;xcb-util-image;xcb-util-keysyms;xcb-util-renderutil;xcb-util-wm;xclock;xcursor-themes;xinit;xkeyboard-config;xorg-applications;xorg-drivers;xorg-fonts;xorg-legacy;xorg-libraries;xorg-server;xorgproto;xterm;
xorg-amdgpu-driver,xorg-server;
xorg-applications,iceauth;luit;mkfontdir;mkfontscale;sessreg;setxkbmap;smproxy;x11perf;xauth;xbacklight;xcmsdb;xcursorgen;xdpyinfo;xdriinfo;xev;xgamma;xhost;xinput;xkbcomp;xkbevd;xkbutils;xkill;xlsatoms;xlsclients;xmessage;xmodmap;xpr;xprop;xrandr;xrdb;xrefresh;xset;xsetroot;xvinfo;xwd;xwininfo;xwud;libpng;linux-pam;mesa;xbitmaps;xcb-util;
xorg-ati-driver,xorg-server;
xorg-drivers,libevdev;libinput;libva;libvdpau;libvdpau-va-gl;xorg-amdgpu-driver;xorg-ati-driver;xorg-evdev-driver;xorg-fbdev-driver;xorg-intel-driver;xorg-libinput-driver;xorg-nouveau-driver;xorg-synaptics-driver;xorg-vmware-driver;xorg-wacom-driver;
xorg-evdev-driver,libevdev;mtdev;xorg-server;
xorg-fbdev-driver,xorg-server;
xorg-fonts,encodings;font-adobe-utopia-type1;font-alias;font-bh-ttf;font-bh-type1;font-ibm-type1;font-misc-ethiopic;font-util;font-xfree86-type1;xorg-fonts-deps;
xorg-fonts-deps,xcursor-themes;
xorg-intel-driver,xcb-util;xorg-server;
xorg-legacy,bdftopcf;font-adobe-100dpi;font-adobe-75dpi;font-daewoo-misc;font-isas-misc;font-jis-misc;font-misc-misc;xcursor-themes;
xorg-libinput-driver,libinput;xorg-server;
xorg-libraries,fontconfig;fop;libxcb;links;lynx;xmlto;xtrans;libx11;libxext;libfs;libice;libsm;libxscrnsaver;libxt;libxmu;libxpm;libxaw;libxfixes;libxcomposite;libxrender;libxcursor;libxdamage;libfontenc;libxfont2;libxft;libxi;libxinerama;libxrandr;libxres;libxtst;libxv;libxvmc;libxxf86dga;libxxf86vm;libdmx;libpciaccess;libxkbfile;libxshmfence;
xorg-nouveau-driver,xorg-server;
xorg-server,doxygen;fop;libepoxy;libgcrypt;nettle;pixman;systemd;wayland;wayland-protocols;xcb-util-image;xcb-util-keysyms;xcb-util-renderutil;xcb-util-wm;xkeyboard-config;xmlto;xorg-fonts;
xorg-synaptics-driver,libevdev;xorg-server;
xorg-vmware-driver,xorg-server;
xorg-wacom-driver,doxygen;graphviz;xorg-server;
xorgproto,asciidoc;fop;libxslt;util-macros;xmlto;
xpr,
xprop,
xrandr,
xrdb,
xrefresh,
xsane,gimp;gtk+2;little-cms1;sane;
xscreensaver,gdm;glu;gdk-pixbuf-xlib;libglade;linux-pam;xorg-applications;
xset,
xsetroot,
xterm,pcre;pcre2;valgrind;xorg-applications;
xtrans,
xvid,yasm;nasm;
xvinfo,
xwd,
xwininfo,
xwud,
xxhash,
xz,
yasm,python2;
yelp,desktop-file-utils;gsettings-desktop-schemas;gtk-doc;webkitgtk+;yelp-xsl;
yelp-xsl,itstool;libxslt;
ypbind,
zenity,gtk+3;itstool;libnotify;libxslt;webkitgtk+;
zip,
zlib,
zsh,libcap;linux-pam;pcre;valgrind;
zstd,
